{
    "name": "Haupaca",
    "history_location": "D:\\Projects\\CarRecognizer/history/Haupaca.json",
    "train_dir": "D:\\Projects\\CarRecognizer/data/train/",
    "validation_dir": "D:\\Projects\\CarRecognizer/data/validation/",
    "test_dir": "D:\\Projects\\CarRecognizer/data/test/",
    "cnn": null,
    "categories": [
        "Opel-Adam",
        "Opel-Agila",
        "Opel-Antara",
        "Opel-Astra",
        "Opel-Combo",
        "Opel-Corsa",
        "Opel-Crossland X",
        "Opel-Grandland X",
        "Opel-Insignia",
        "Opel-Karl",
        "Opel-Meriva",
        "Opel-Mokka",
        "Opel-Vivaro",
        "Opel-Zafira",
        "Opel-Zafira Tourer"
    ],
    "num_classes": 15,
    "description": null,
    "train_size_per_class": 1601,
    "validation_size_per_class": 399,
    "test_size_per_class": 389,
    "img_width": 160,
    "img_height": 160,
    "lr": 0.0001,
    "batch_size": 16,
    "epochs": 100,
    "workers": 4,
    "fine_tune_from": 100,
    "transfer_train": {
        "train_time": 4794.36931180954,
        "accuracy": 0.8783422459893048,
        "loss": 0.6516201254677645
    },
    "fine_tune": {
        "train_time": 1887.6810760498047,
        "accuracy": 0.891042780748663,
        "loss": 0.5619717641150888
    },
    "test": {},
    "acc": [
        0.08504166666666667,
        0.2048514149960405,
        0.36923269286937443,
        0.5008127370486163,
        0.5868795065264621,
        0.6474805151539785,
        0.6904097028312343,
        0.7269203517767188,
        0.7510107114649612,
        0.7738507064572918,
        0.7865210686499899,
        0.7983995332071195,
        0.8094861001150171,
        0.8189471929337558,
        0.8209060976217405,
        0.8349101821463935,
        0.8478306172658527,
        0.8512066019330143,
        0.8497061643004045,
        0.8514566748659861,
        0.8511232442820658,
        0.8540407618888842,
        0.8562497395073563,
        0.8572083524410957
    ],
    "val_acc": [
        0.19585561497326204,
        0.38335561497326204,
        0.5080213903743316,
        0.6397058823529411,
        0.7110628342245989,
        0.7596925133689839,
        0.8143382352941176,
        0.7897727272727273,
        0.8559491978609626,
        0.8694852941176471,
        0.8678141711229946,
        0.8723262032085561,
        0.8664772727272727,
        0.8601270053475936,
        0.8783422459893048,
        0.8863636363636364,
        0.8861965240641712,
        0.8883689839572193,
        0.8912098930481284,
        0.888870320855615,
        0.8892045454545454,
        0.8900401069518716,
        0.8915441176470589,
        0.8907085561497327
    ],
    "loss": [
        4.952692843437195,
        3.0631885469538638,
        2.341636197710973,
        1.8846306578849576,
        1.6087087169472802,
        1.4093375904465788,
        1.2720985226974388,
        1.1658614279007258,
        1.0713977735566154,
        1.0084178118411018,
        0.9553563935558043,
        0.9227760191811968,
        0.8825473543955993,
        0.8522033131058495,
        0.830145851845233,
        0.7741903539537236,
        0.7380053007562447,
        0.7327874280480969,
        0.7235945761216187,
        0.718455436581923,
        0.7147680254898339,
        0.7113731868000847,
        0.6960368663692407,
        0.7009797740269784
    ],
    "val_loss": [
        3.5107611985130105,
        2.3788806936320137,
        1.9625771810664212,
        1.5280872062247066,
        1.171965703368187,
        1.0947392704015109,
        0.8787791126552112,
        1.0183328104847893,
        0.760177967860737,
        0.6720914402428795,
        0.6913886620877261,
        0.6365483201601926,
        0.6881811423575814,
        0.7434823483547425,
        0.6516201268224155,
        0.5832566815742197,
        0.585968666137221,
        0.5734470642824224,
        0.5669991136553453,
        0.5639690048394994,
        0.5618723092232158,
        0.5656296610832214,
        0.5639305151401357,
        0.5644165829700583
    ],
    "history_dir": "D:\\Projects\\CarRecognizer/model/Haupaca/"
}