{
    "name": "Baro",
    "history_location": "D:\\Projects\\CarRecognizer/history/Baro.json",
    "train_dir": "D:\\Projects\\CarRecognizer/data/train/",
    "validation_dir": "D:\\Projects\\CarRecognizer/data/validation/",
    "test_dir": "D:\\Projects\\CarRecognizer/data/test/",
    "cnn": null,
    "categories": [
        "Renault-Captur",
        "Renault-Clio",
        "Renault-Espace",
        "Renault-Grand Scenic",
        "Renault-Kadjar",
        "Renault-Kangoo",
        "Renault-Koleos",
        "Renault-Laguna",
        "Renault-Master",
        "Renault-Megane",
        "Renault-Modus",
        "Renault-Scenic",
        "Renault-Talisman",
        "Renault-Trafic",
        "Renault-Twingo",
        "Renault-ZOE"
    ],
    "num_classes": 16,
    "description": null,
    "train_size_per_class": 1601,
    "validation_size_per_class": 399,
    "test_size_per_class": 389,
    "img_width": 160,
    "img_height": 160,
    "lr": 0.0001,
    "batch_size": 16,
    "epochs": 100,
    "workers": 4,
    "fine_tune_from": 100,
    "transfer_train": {
        "train_time": 4665.820336341858,
        "accuracy": 0.8773555276381909,
        "loss": 0.7390515643298327
    },
    "fine_tune": {
        "train_time": 2223.0698895454407,
        "accuracy": 0.8965138190954773,
        "loss": 0.5788211933332472
    },
    "test": {},
    "acc": [
        0.101953125,
        0.25052746737516607,
        0.4039227944072675,
        0.5008986481253109,
        0.5763069469453469,
        0.6322966320254593,
        0.6714855044104396,
        0.6997343127388614,
        0.7291552707665859,
        0.7623271079112601,
        0.7905759162210511,
        0.7973743846260534,
        0.8145659138953825,
        0.8240212549769786,
        0.8403922794451516,
        0.849144330693193,
        0.8510197702633121,
        0.8509806986058923,
        0.850042978818504,
        0.8538329295835579,
        0.8560600140704544,
        0.856294444010315,
        0.8604360396921462,
        0.8591466749926382
    ],
    "val_acc": [
        0.24544597989949749,
        0.3594093622556094,
        0.5406848885074488,
        0.6349355954064763,
        0.7166195413225895,
        0.7156770342631494,
        0.7447376689220276,
        0.8074143888850726,
        0.824693685221365,
        0.8404021362931782,
        0.8755890669367278,
        0.8693056864031373,
        0.8506126296321739,
        0.8770028275212064,
        0.8898837574802402,
        0.8949104618471897,
        0.8933396166576142,
        0.8960100533900079,
        0.8930254476534059,
        0.8945962927493516,
        0.896167137938927,
        0.8925541941002784,
        0.8916116870314753,
        0.8955387998930583
    ],
    "loss": [
        4.932366937994957,
        3.0666197339119257,
        2.352741622976971,
        1.955392473850845,
        1.652471694795752,
        1.4628557470093166,
        1.322236686085615,
        1.2229494308134239,
        1.1420178420005054,
        1.065741274061916,
        0.998986024227591,
        0.9606687710919939,
        0.9161978941220105,
        0.8887073432615774,
        0.8161662107260328,
        0.7840145402581764,
        0.778918509787206,
        0.7655196111630935,
        0.7675700499656154,
        0.7527034925261242,
        0.7573423333360673,
        0.7402626362044038,
        0.732989829527621,
        0.7280114852162723
    ],
    "val_loss": [
        3.325543850510564,
        2.9056029465076425,
        1.9075617805951952,
        1.5396482958720235,
        1.2298499291474214,
        1.2273116177108878,
        1.011217012257086,
        0.8978387322996608,
        0.910010034778453,
        0.868558062984252,
        0.7093207233737858,
        0.7313211357072955,
        0.8160926336917044,
        0.7422845514079816,
        0.6148091015522112,
        0.5953647987182658,
        0.5996797003069652,
        0.5919876005003147,
        0.5977433605498201,
        0.5814451016122876,
        0.579194860116813,
        0.5863838294767337,
        0.5928820789965151,
        0.5805284061635623
    ],
    "history_dir": "D:\\Projects\\CarRecognizer/model/Baro/"
}