{
    "name": "Hobworos)",
    "history_location": "D:\\Projects\\CarRecognizer/history/Hobworos).json",
    "train_dir": "D:\\Projects\\CarRecognizer/data/train/",
    "validation_dir": "D:\\Projects\\CarRecognizer/data/validation/",
    "test_dir": "D:\\Projects\\CarRecognizer/data/test/",
    "cnn": null,
    "categories": [
        "BMW-114",
        "BMW-116",
        "BMW-118",
        "BMW-120",
        "BMW-216",
        "BMW-218",
        "BMW-220",
        "BMW-316",
        "BMW-318",
        "BMW-320",
        "BMW-325",
        "BMW-330",
        "BMW-335",
        "BMW-418",
        "BMW-420",
        "BMW-430",
        "BMW-518",
        "BMW-520",
        "BMW-525",
        "BMW-530",
        "BMW-535",
        "BMW-630",
        "BMW-640",
        "BMW-730",
        "BMW-740",
        "BMW-i3",
        "BMW-M2",
        "BMW-M3",
        "BMW-M4",
        "BMW-X1",
        "BMW-X3",
        "BMW-X4",
        "BMW-X5",
        "BMW-X6",
        "BMW-Z3",
        "BMW-Z4"
    ],
    "num_classes": 36,
    "description": null,
    "train_size_per_class": 1601,
    "validation_size_per_class": 399,
    "test_size_per_class": 389,
    "img_width": 160,
    "img_height": 160,
    "lr": 0.0001,
    "batch_size": 16,
    "epochs": 100,
    "workers": 4,
    "fine_tune_from": 100,
    "transfer_train": {
        "train_time": 7419.487683296204,
        "accuracy": 0.17398272017837235,
        "loss": 3.2269917807584356
    },
    "fine_tune": {
        "train_time": 6777.444521903992,
        "accuracy": 0.2149526198439242,
        "loss": 2.9282838030403675
    },
    "test": {},
    "acc": [
        0.03868055555555556,
        0.07682558422322662,
        0.10765998819481064,
        0.1292058752055524,
        0.14493558804280368,
        0.1575749157964635,
        0.16859960415499164,
        0.17702003541944872,
        0.17778395083214352,
        0.18294037987481862,
        0.18872183062222322,
        0.18965277777777778
    ],
    "val_acc": [
        0.05657748049052397,
        0.10736196319018405,
        0.12653374233128833,
        0.15128276631344115,
        0.15644171779141106,
        0.17380089235917456,
        0.1955128205128205,
        0.19910764082543222,
        0.20865867261572782,
        0.20824037925264918,
        0.2083100948131623,
        0.21556051310652538
    ],
    "loss": [
        4.631852472689417,
        3.406200172768777,
        3.2023874517902615,
        3.134786283925588,
        3.1294823816292086,
        3.1554403857326476,
        3.111450190080355,
        3.0978576640767512,
        3.1024477752141935,
        3.108215155909966,
        3.1032305330223307,
        3.1159758454561235
    ],
    "val_loss": [
        3.507606334112161,
        3.125654101305279,
        2.9786248613986235,
        3.0251828975273254,
        3.127683811326035,
        3.229321113326865,
        2.9227345516051737,
        2.927451277204685,
        2.9172569544569313,
        2.9288309943523076,
        2.938437736838873,
        2.928506094985213
    ],
    "history_dir": "D:\\Projects\\CarRecognizer/model/Hobworos)/"
}