{
    "name": "Anddiink",
    "history_location": "D:\\Projects\\CarRecognizer/history/Anddiink.json",
    "train_dir": "D:\\Projects\\CarRecognizer/data/train/",
    "validation_dir": "D:\\Projects\\CarRecognizer/data/validation/",
    "test_dir": "D:\\Projects\\CarRecognizer/data/test/",
    "cnn": null,
    "categories": [
        "Alfa Romeo-147",
        "Alfa Romeo-159",
        "Alfa Romeo-Giulia",
        "Alfa Romeo-Giulietta",
        "Alfa Romeo-GT",
        "Alfa Romeo-MiTo",
        "Alfa Romeo-Spider",
        "Alfa Romeo-Stelvio"
    ],
    "num_classes": 8,
    "description": null,
    "train_size_per_class": 1600,
    "validation_size_per_class": 399,
    "test_size_per_class": 389,
    "img_width": 160,
    "img_height": 160,
    "lr": 0.0001,
    "batch_size": 16,
    "epochs": 100,
    "workers": 4,
    "fine_tune_from": 100,
    "transfer_train": {
        "train_time": 5537.84549164772,
        "accuracy": 0.9173994974874372,
        "loss": 0.6620373102138989
    },
    "fine_tune": {
        "train_time": 617.2081003189087,
        "accuracy": 0.9422110552763819,
        "loss": 0.4906354343621575
    },
    "test": {},
    "acc": [
        0.145,
        0.2533239480681996,
        0.42092914124824027,
        0.5816518066635382,
        0.693492882840607,
        0.7621617394024714,
        0.8039261692476146,
        0.8311434381354607,
        0.8488190208040044,
        0.8657907085875176,
        0.8732207101517284,
        0.8831534490849366,
        0.8938682934459565,
        0.9026278742374472,
        0.9055216643203504,
        0.9075551384326607,
        0.9181917722508994,
        0.9190520882214922,
        0.9235882997028,
        0.9284373533552323,
        0.9275770373846395,
        0.9338338808071328,
        0.9337556702643517,
        0.9389957766306898,
        0.9522915689034882,
        0.952213358360707,
        0.9546378851869232,
        0.9558110433286408,
        0.9552635695291726,
        0.9574534647270452,
        0.9612857813233224
    ],
    "val_acc": [
        0.24842964824120603,
        0.5363779528122249,
        0.7237795276153745,
        0.729448818935184,
        0.8151181102925398,
        0.8173228346832155,
        0.8588976378140487,
        0.8784251968691669,
        0.8743307086614174,
        0.8585826771841274,
        0.9023622047244094,
        0.8995275590738913,
        0.9092913385826772,
        0.9014173228534188,
        0.8970078740345212,
        0.9001574803149607,
        0.9051968504124739,
        0.8771653543682549,
        0.9096062992313716,
        0.9133858267904267,
        0.9184251968503937,
        0.9250393700975132,
        0.9155905511998754,
        0.9177952756093243,
        0.928503937007874,
        0.9379527559055119,
        0.9363779527934517,
        0.9401574803149606,
        0.9395275590551181,
        0.9388976377952756,
        0.9420472441320344
    ],
    "loss": [
        5.125029302239418,
        3.394684696167675,
        2.5410070910842397,
        1.9737805377965276,
        1.5884135579831646,
        1.3158083793871955,
        1.1449835517308382,
        1.0119163015909491,
        0.9088852032238229,
        0.8249366473987519,
        0.7600811247756256,
        0.7168887797495429,
        0.6627530586583391,
        0.629361992652066,
        0.589134814723191,
        0.5793213279020165,
        0.5423396900657493,
        0.5291488502351178,
        0.5174520439745842,
        0.48902973201229,
        0.4929240228013591,
        0.46331763582648794,
        0.46616939119044815,
        0.441263728795916,
        0.40445376962222873,
        0.38978228297905615,
        0.3843517125669116,
        0.3725802145260853,
        0.3717533570676273,
        0.3673275563147414,
        0.3555490202920903
    ],
    "val_loss": [
        3.9958308953136656,
        2.5285656355309674,
        1.7126921006825966,
        1.5852755324296126,
        1.2221264025920957,
        1.351872716888668,
        1.0398592980827872,
        0.864211509115114,
        1.029036492700652,
        1.1971367221742164,
        0.7457877970962073,
        0.8234422758808286,
        0.7056348711862339,
        0.7280739724917674,
        0.7341061202747615,
        0.690254292957426,
        0.7506711716539278,
        0.8854328281672921,
        0.6263953027575034,
        0.6740449142080592,
        0.6074817203724479,
        0.6213527616177957,
        0.7833815636972743,
        0.6513171612840938,
        0.5800642474899141,
        0.5068660406052596,
        0.4750061074955257,
        0.4670067926654666,
        0.4793993840630599,
        0.5028621678746591,
        0.4927242622600766
    ],
    "history_dir": "D:\\Projects\\CarRecognizer/model/Anddiink/"
}