{"val_loss": [0.6311046805400622, 0.6047356675899819, 0.5912431230752364, 0.57699492315864, 0.5692709125831664], "val_acc": [0.670988142349032, 0.6821760633343169, 0.6992094861801434, 0.7181008902230437, 0.7265612648362699], "loss": [0.6705352274404028, 0.60692974302493, 0.5729644946762389, 0.5463252453616821, 0.5265501785636038], "acc": [0.6107647482774592, 0.6854383544490595, 0.713000125429845, 0.7358585225228278, 0.7505016932230095], "manual_acc": null}