{
    "val_loss": [
        0.701982257375604,
        0.680681857176044,
        0.6730691886419364,
        0.6668230981572092,
        0.6576474279471537
    ],
    "val_acc": [
        0.5161660079051383,
        0.5922453017121606,
        0.6198023715556374,
        0.6281701286008875,
        0.6419762845991157
    ],
    "loss": [
        0.7080118143558503,
        0.6914319390058518,
        0.678205539854851,
        0.6713802856206894,
        0.6681321728229522
    ],
    "acc": [
        0.5309375,
        0.5721875,
        0.5884021431198264,
        0.605625,
        0.6125
    ],
    "manual_acc": null
}