{
    "name": "Goot",
    "history_location": "D:\\Projects\\CarRecognizer/history/Goot.json",
    "train_dir": "D:\\Projects\\CarRecognizer/data/train/",
    "validation_dir": "D:\\Projects\\CarRecognizer/data/validation/",
    "test_dir": "D:\\Projects\\CarRecognizer/data/test/",
    "cnn": null,
    "categories": [
        "Volkswagen-Amarok",
        "Volkswagen-Arteon",
        "Volkswagen-Beetle",
        "Volkswagen-Caddy",
        "Volkswagen-Crafter",
        "Volkswagen-Eos",
        "Volkswagen-Fox",
        "Volkswagen-Golf",
        "Volkswagen-Golf Cabriolet",
        "Volkswagen-Golf GTI",
        "Volkswagen-Golf Plus",
        "Volkswagen-Golf Sportsvan",
        "Volkswagen-Golf Variant",
        "Volkswagen-Jetta",
        "Volkswagen-Lupo",
        "Volkswagen-New Beetle",
        "Volkswagen-Passat",
        "Volkswagen-Passat CC",
        "Volkswagen-Passat Variant",
        "Volkswagen-Polo",
        "Volkswagen-Scirocco",
        "Volkswagen-Sharan",
        "Volkswagen-T-Roc",
        "Volkswagen-T5",
        "Volkswagen-T5 Multivan",
        "Volkswagen-T6 Transporter",
        "Volkswagen-Tiguan",
        "Volkswagen-Touareg",
        "Volkswagen-Touran",
        "Volkswagen-Transporter",
        "Volkswagen-up!"
    ],
    "num_classes": 31,
    "description": null,
    "train_size_per_class": 1601,
    "validation_size_per_class": 399,
    "test_size_per_class": 389,
    "img_width": 160,
    "img_height": 160,
    "lr": 0.0001,
    "batch_size": 16,
    "epochs": 100,
    "workers": 4,
    "fine_tune_from": 100,
    "transfer_train": {
        "train_time": 9687.60853099823,
        "accuracy": 0.6158516839378239,
        "loss": 1.7471017587370206
    },
    "fine_tune": {
        "train_time": 4312.376217365265,
        "accuracy": 0.6717940414507773,
        "loss": 1.5895224368016336
    },
    "test": {},
    "acc": [
        0.0599806514027733,
        0.14225249919380845,
        0.21880038697194454,
        0.27767252499193806,
        0.3348718155433731,
        0.37921235085456306,
        0.40851741373750405,
        0.4367341180264431,
        0.4543292486294744,
        0.4723073202192841,
        0.486919542083199,
        0.502922444372783,
        0.5189858110287005,
        0.5439575943244115,
        0.5545388584327636,
        0.5597589487262173,
        0.5600008061915511,
        0.5665108029667849,
        0.5691309255079007
    ],
    "val_acc": [
        0.10225064766839378,
        0.20387013198518433,
        0.3412679135413336,
        0.4337300623720855,
        0.4170512509132704,
        0.45461905920962054,
        0.4737268237413815,
        0.5251396648068822,
        0.5635171241219175,
        0.5854586673481688,
        0.5685369606037756,
        0.57768601734101,
        0.6145251396792821,
        0.6482875880592024,
        0.6713626427251254,
        0.6715245729332057,
        0.6596227026175858,
        0.6695004453370276,
        0.6724151890824733
    ],
    "loss": [
        4.624461492697142,
        3.174559869369512,
        2.7936319439920907,
        2.559040775532801,
        2.3820529280843674,
        2.273341122153343,
        2.1963026913778507,
        2.139224487787214,
        2.1105407265761866,
        2.0942766492269147,
        2.0776948007373264,
        2.0602263194904986,
        2.0597071954028445,
        1.9722123513564644,
        1.94926323121073,
        1.9389483022213136,
        1.9235060039699865,
        1.9228894932352316,
        1.9186331335478004
    ],
    "val_loss": [
        3.3077617108513038,
        2.756615194924186,
        2.226275047245571,
        1.9931984250820192,
        2.013231303332624,
        1.943586422184606,
        1.9159889258447325,
        1.804740055660788,
        1.7600848796097202,
        1.6759964077301464,
        1.7602664276266202,
        1.847099593318664,
        1.7503195910905114,
        1.5962622362286945,
        1.5920127485649913,
        1.5839985813189978,
        1.5880405668710063,
        1.5920889611553446,
        1.5891161294960607
    ],
    "history_dir": "D:\\Projects\\CarRecognizer/model/Goot/"
}