{
    "name": "Gindaasj,zllic slinSgepet brare",
    "history_location": "D:\\Projects\\CarRecognizer/history/Gindaasj,zllic slinSgepet brare.json",
    "train_dir": "D:\\Projects\\CarRecognizer/data/train/",
    "validation_dir": "D:\\Projects\\CarRecognizer/data/validation/",
    "test_dir": "D:\\Projects\\CarRecognizer/data/test/",
    "cnn": null,
    "categories": [
        "Ford-B-Max",
        "Ford-C-Max",
        "Ford-EcoSport",
        "Ford-Edge",
        "Ford-F 150",
        "Ford-Fiesta",
        "Ford-Focus",
        "Ford-Focus C-Max",
        "Ford-Fusion",
        "Ford-Galaxy",
        "Ford-Grand C-Max",
        "Ford-Kuga",
        "Ford-Mondeo",
        "Ford-Mustang",
        "Ford-Transit",
        "Ford-Transit Connect",
        "Ford-Transit Custom"
    ],
    "num_classes": 17,
    "description": "Ford",
    "train_size_per_class": 1601,
    "validation_size_per_class": 399,
    "test_size_per_class": 389,
    "img_width": 160,
    "img_height": 160,
    "lr": 0.0001,
    "batch_size": 16,
    "epochs": 100,
    "workers": 4,
    "fine_tune_from": 100,
    "transfer_train": {
        "train_time": 7617.982485532761,
        "accuracy": 0.9067671394799054,
        "loss": 0.7617633923289342
    },
    "fine_tune": {
        "train_time": 2953.2215461730957,
        "accuracy": 0.9286347517730497,
        "loss": 0.6234712988208654
    },
    "test": {},
    "acc": [
        0.09849264705882353,
        0.25091016070641,
        0.37895782002776085,
        0.47707130512186274,
        0.5631228625101466,
        0.6227337917879383,
        0.6709447284238518,
        0.7112859927230982,
        0.7393079101305047,
        0.7666311183068881,
        0.7886588460331266,
        0.8011252896031631,
        0.8182988269083664,
        0.8245872099448315,
        0.8348104291589457,
        0.8430478431993237,
        0.850733644692355,
        0.854227190825551,
        0.85834589784574,
        0.8755562093229584,
        0.8807781414400329,
        0.8835362041767666,
        0.887728459532218,
        0.8889052329665578,
        0.8897878130401207,
        0.8917368440429377,
        0.8914058765145296,
        0.892104585738977,
        0.8946420034633477,
        0.8932445850078774,
        0.8951936160041187
    ],
    "val_acc": [
        0.2919621749408983,
        0.4338507021477904,
        0.616703621625724,
        0.6817442720146066,
        0.7388026607803124,
        0.8023651145866687,
        0.8295639320205779,
        0.833702882492181,
        0.8724316334160539,
        0.8826311899570739,
        0.8730229120649238,
        0.8959349593760257,
        0.8875092387375617,
        0.8940133037870228,
        0.9062823355594389,
        0.9077605321595867,
        0.9120473022912047,
        0.9079083518196016,
        0.9070214338683236,
        0.9226903178210798,
        0.9229859571322986,
        0.923429416112343,
        0.924759793052476,
        0.9253510717013459,
        0.9290465631929047,
        0.9257945306725794,
        0.9256467110213754,
        0.9287509238904965,
        0.9262379896526238,
        0.9280118255728012,
        0.9293422025305557
    ],
    "loss": [
        4.876625562836142,
        3.068885325421057,
        2.397571504959944,
        2.00769382681689,
        1.7365620976113731,
        1.5491450243329736,
        1.4085143800911597,
        1.2904376274559264,
        1.225876937774221,
        1.1581609639275208,
        1.0889838724792522,
        1.0381841242710121,
        1.0032951957501823,
        0.9751728791529121,
        0.9506938339081964,
        0.919509154150267,
        0.8887008885784392,
        0.8769764699384603,
        0.86124484180786,
        0.7963889682998295,
        0.7762217058560454,
        0.761943428146744,
        0.7561965901288858,
        0.7510402323205162,
        0.7459678323143162,
        0.7302431990845787,
        0.729122010640888,
        0.7318661545565606,
        0.7216087716853146,
        0.7203013841245672,
        0.7098127934334142
    ],
    "val_loss": [
        3.3020391345869564,
        2.3006266603096273,
        1.6590501063150207,
        1.4737969920622889,
        1.2581706057807207,
        1.046497784309359,
        0.9627542110345845,
        1.0262541194007913,
        0.8373144285025107,
        0.888752111662606,
        0.8844391007116787,
        0.7596766351155678,
        0.8186297184435949,
        0.7956118733461751,
        0.7326373926728017,
        0.7145896784746462,
        0.7175907115846409,
        0.7621785058150534,
        0.7613602751462616,
        0.6436065567834943,
        0.63577928467759,
        0.6389711488244804,
        0.6336611163545695,
        0.6302382717992496,
        0.6226853604062962,
        0.626882608973883,
        0.6254849486939571,
        0.6142369774475154,
        0.629832099220617,
        0.6144875339288141,
        0.6212609368434943
    ],
    "history_dir": "D:\\Projects\\CarRecognizer/model/Gindaasj,zllic slinSgepet brare/"
}